feature,mean,scale
N,18.4451600623341,32.87284953077472
P,26.58428471287292,39.311232799018434
K,224.1531572441075,211.2490476089594
temperature,20.510938103568687,5.142384346883777
humidity,285.0302259831976,163.52487296230157
ph,6.079284019047965,0.7717556444893446
rainfall,433.6422793204903,284.1241684885435
